,chestcircumference,waistcircumference,weightkg,stature,t_shirt_size
0,922,850,657,1560,3
1,839,708,534,1665,2
2,874,727,663,1711,2
3,1008,923,782,1660,3
4,1089,1163,886,1572,5
5,1031,968,837,1707,4
6,988,964,732,1644,3
7,968,914,760,1671,3
8,831,755,545,1521,2
9,1010,944,684,1590,3
10,1065,935,990,1707,4
11,1034,942,742,1668,4
12,1063,995,781,1654,4
13,937,848,718,1666,3
14,989,929,709,1599,3
15,940,835,672,1673,3
16,835,772,620,1647,2
17,897,805,595,1678,2
18,979,868,741,1679,3
19,853,792,605,1615,2
20,1090,1137,800,1517,5
21,941,881,747,1674,3
22,857,702,491,1623,2
23,973,954,703,1668,3
24,975,796,715,1644,3
25,1026,1000,708,1579,4
26,832,742,488,1446,2
27,921,912,691,1620,3
28,1032,913,730,1684,4
29,904,821,610,1619,2
30,951,930,658,1592,3
31,950,901,709,1655,3
32,965,935,728,1723,3
33,1115,1077,846,1677,4
34,1170,1112,945,1654,5
35,895,812,627,1634,2
36,944,869,578,1683,3
37,833,712,524,1552,2
38,1025,1057,732,1617,4
39,982,964,791,1588,3
40,1060,1134,894,1641,5
41,991,869,689,1685,3
42,994,942,758,1656,3
43,1071,1019,731,1603,4
44,945,865,748,1608,3
45,1094,975,806,1664,4
46,932,814,714,1619,3
47,1013,947,712,1620,3
48,910,794,657,1720,2
49,793,679,477,1582,1
50,954,890,696,1720,3
51,1161,1334,1196,1720,6
52,1135,1076,887,1701,4
53,1095,1007,754,1627,4
54,1014,897,678,1536,3
55,946,832,607,1546,3
56,814,766,572,1654,2
57,940,878,689,1605,3
58,988,943,712,1630,3
59,904,825,604,1612,2
60,876,812,697,1757,2
61,1090,1062,854,1670,4
62,943,914,617,1632,3
63,1132,987,790,1635,4
64,977,868,672,1682,3
65,977,839,695,1661,3
66,1006,814,669,1596,3
67,936,804,574,1596,3
68,1065,925,815,1665,4
69,890,805,618,1617,2
70,900,811,645,1555,2
71,862,757,557,1578,2
72,896,839,614,1581,3
73,943,821,668,1698,3
74,1092,1001,730,1554,4
75,920,860,737,1756,3
76,1071,922,693,1566,4
77,1001,1012,757,1651,4
78,1126,981,740,1585,4
79,982,870,682,1657,3
80,1069,931,867,1719,4
81,1061,895,882,1822,4
82,1031,925,786,1649,4
83,924,751,622,1687,3
84,999,1019,782,1698,4
85,865,784,608,1530,2
86,998,917,674,1581,3
87,930,865,686,1609,3
88,934,847,670,1644,3
89,856,785,635,1548,2
90,979,1004,773,1606,4
91,852,759,555,1642,2
92,1014,955,727,1622,3
93,841,694,593,1669,2
94,1057,1068,998,1745,4
95,986,948,581,1495,3
96,951,912,642,1493,3
97,1068,989,758,1641,4
98,945,887,683,1607,3
99,826,698,471,1560,2
100,978,822,665,1625,3
101,978,885,685,1670,3
102,870,764,579,1616,2
103,1080,943,647,1582,4
104,921,809,591,1730,3
105,846,739,450,1501,2
106,959,826,572,1515,3
107,1022,962,721,1576,3
108,878,849,676,1628,3
109,1029,951,711,1586,3
110,936,889,791,1737,3
111,834,790,536,1576,2
112,931,811,639,1626,3
113,981,831,628,1604,3
114,1037,958,788,1673,4
115,981,761,598,1642,3
116,1052,1070,752,1538,4
117,1028,923,686,1574,3
118,946,949,668,1637,3
119,930,858,613,1620,3
120,937,859,742,1733,3
121,810,721,522,1526,2
122,991,908,767,1732,3
123,985,880,661,1624,3
124,844,759,505,1507,2
125,965,919,637,1560,3
126,985,908,666,1640,3
127,862,731,610,1675,2
128,863,820,581,1526,2
129,870,821,609,1623,2
130,815,740,575,1584,2
131,1057,1024,797,1671,4
132,1137,932,745,1552,4
133,874,827,614,1633,2
134,1004,896,677,1530,3
135,844,738,508,1606,2
136,950,832,633,1617,3
137,1013,851,711,1645,3
138,960,859,727,1681,3
139,992,906,679,1655,3
140,1069,1028,833,1626,4
141,838,786,622,1635,2
142,962,853,616,1572,3
143,899,745,573,1608,2
144,828,737,507,1662,2
145,940,802,611,1582,3
146,1156,1045,866,1701,5
147,886,763,523,1602,2
148,991,955,676,1549,3
149,899,719,549,1561,2
150,889,746,571,1677,2
151,907,874,644,1594,3
152,940,772,649,1628,3
153,949,802,592,1549,3
154,866,719,563,1559,2
155,907,862,580,1619,3
156,983,1044,810,1690,4
157,895,817,649,1698,2
158,892,817,654,1705,2
159,875,816,570,1625,2
160,1012,939,805,1666,3
161,1026,863,671,1559,3
162,977,915,673,1595,3
163,812,764,550,1634,2
164,913,899,708,1643,3
165,943,782,538,1667,3
166,1032,897,771,1661,4
167,878,817,602,1560,2
168,971,900,719,1610,3
169,906,830,617,1610,2
170,1024,947,761,1682,3
171,1028,958,739,1604,3
172,881,767,560,1540,2
173,919,777,647,1638,2
174,918,896,724,1656,3
175,1118,968,708,1597,4
176,1130,997,953,1749,4
177,1002,879,748,1661,3
178,1039,1000,700,1526,4
179,934,931,655,1583,3
180,844,748,499,1533,2
181,821,734,553,1575,2
182,1072,1021,924,1776,4
183,1084,874,716,1713,4
184,918,803,676,1653,2
185,1032,935,641,1516,4
186,971,810,666,1658,3
187,1022,882,663,1617,3
188,987,920,763,1687,3
189,1036,1085,717,1603,4
190,990,923,643,1539,3
191,965,840,591,1603,3
192,817,783,529,1620,2
193,993,924,694,1617,3
194,1031,972,699,1600,4
195,877,774,592,1572,2
196,818,708,540,1632,2
197,945,879,701,1690,3
198,916,830,681,1682,2
199,1050,980,864,1657,4
200,881,883,672,1672,3
201,912,754,559,1621,2
202,854,767,566,1623,2
203,887,868,585,1633,3
204,1005,938,628,1526,3
205,825,682,467,1570,2
206,874,762,599,1616,2
207,972,802,642,1690,3
208,1026,1060,813,1637,4
209,979,922,719,1718,3
210,873,783,548,1588,2
211,844,707,485,1520,2
212,921,795,658,1618,3
213,1000,862,753,1631,3
214,938,929,636,1642,3
215,952,858,752,1719,3
216,931,784,755,1715,3
217,814,632,469,1653,2
218,913,809,537,1590,2
219,950,912,758,1751,3
220,950,941,679,1583,3
221,915,854,684,1627,3
222,923,885,677,1586,3
223,909,783,617,1675,2
224,986,927,717,1606,3
225,870,785,642,1680,2
226,942,858,740,1773,3
227,1105,958,792,1680,4
228,838,707,581,1645,2
229,1086,1004,727,1558,4
230,985,905,704,1665,3
231,960,989,653,1601,4
232,964,906,725,1658,3
233,1015,854,721,1623,3
234,862,738,561,1661,2
235,861,784,583,1563,2
236,927,871,677,1630,3
237,906,811,576,1528,2
238,847,728,559,1653,2
239,841,763,468,1512,2
240,855,793,567,1629,2
241,1072,1001,820,1675,4
242,988,922,664,1498,3
243,984,829,626,1538,3
244,938,850,653,1567,3
245,866,731,539,1590,2
246,1063,996,750,1573,4
247,949,871,704,1595,3
248,982,1036,675,1610,4
249,935,835,640,1565,3
250,845,665,470,1523,2
251,836,671,502,1570,2
252,949,769,597,1556,3
253,954,850,646,1599,3
254,940,936,726,1611,3
255,915,758,631,1681,2
256,925,888,631,1585,3
257,1032,941,660,1614,4
258,988,812,789,1674,3
259,838,704,531,1653,2
260,992,1027,708,1593,4
261,969,885,625,1592,3
262,957,872,680,1617,3
263,1093,1041,734,1589,4
264,997,859,688,1597,3
265,1090,1022,840,1698,4
266,923,790,647,1619,3
267,844,711,561,1663,2
268,1011,941,735,1606,3
269,997,1076,733,1609,4
270,943,797,605,1696,3
271,934,904,722,1723,3
272,1031,979,908,1748,4
273,985,888,760,1695,3
274,935,769,606,1648,3
275,872,807,573,1579,2
276,996,839,602,1587,3
277,994,975,669,1604,4
278,1131,1127,829,1603,5
279,966,930,765,1712,3
280,908,907,671,1628,3
281,985,919,589,1520,3
282,896,839,615,1640,3
283,864,697,529,1616,2
284,1095,1088,847,1684,4
285,890,805,596,1649,2
286,965,844,666,1677,3
287,958,915,676,1653,3
288,926,862,658,1638,3
289,878,835,596,1646,2
290,951,1000,735,1619,4
291,858,789,556,1530,2
292,870,777,561,1603,2
293,875,796,560,1680,2
294,1139,1017,871,1602,4
295,1064,1074,736,1447,4
296,923,688,613,1627,3
297,861,713,505,1594,2
298,1057,1035,823,1688,4
299,896,827,561,1547,2
300,991,950,754,1621,3
301,904,805,593,1625,2
302,981,896,695,1597,3
303,1046,905,820,1602,4
304,952,833,583,1614,3
305,1067,1055,920,1743,4
306,1105,1071,841,1603,4
307,1196,1111,842,1576,5
308,999,871,660,1619,3
309,1052,969,896,1754,4
310,1014,942,842,1709,3
311,1048,964,845,1789,4
312,896,887,596,1587,3
313,943,838,688,1687,3
314,899,826,690,1665,2
315,996,950,748,1573,3
316,911,819,699,1654,2
317,1005,920,691,1582,3
318,873,744,566,1575,2
319,976,880,699,1600,3
320,834,740,468,1584,2
321,986,829,701,1535,3
322,1062,1029,832,1593,4
323,1004,973,789,1583,4
324,896,845,592,1608,3
325,861,828,583,1663,2
326,951,1020,746,1609,4
327,772,675,428,1513,1
328,1034,1007,853,1704,4
329,899,858,664,1708,3
330,955,804,577,1506,3
331,867,811,565,1583,2
332,971,864,714,1731,3
333,966,871,762,1669,3
334,800,824,556,1640,2
335,812,724,561,1613,2
336,946,849,641,1640,3
337,1008,918,766,1581,3
338,971,829,702,1664,3
339,918,799,561,1562,2
340,987,1017,812,1722,4
341,969,900,725,1564,3
342,979,917,686,1589,3
343,1017,970,924,1789,3
344,1058,884,662,1608,4
345,887,796,562,1595,2
346,859,785,564,1590,2
347,980,870,653,1575,3
348,1037,905,679,1539,4
349,984,958,777,1654,3
350,959,855,632,1616,3
351,988,869,697,1646,3
352,900,875,681,1548,3
353,827,722,570,1617,2
354,1089,1034,742,1527,4
355,895,757,589,1653,2
356,1024,995,750,1606,4
357,948,812,744,1700,3
358,1131,954,815,1672,4
359,988,928,765,1728,3
360,1098,1049,827,1677,4
361,1033,958,793,1790,4
362,960,912,735,1643,3
363,955,822,620,1584,3
364,1023,935,659,1583,3
365,1000,957,705,1640,3
366,866,707,493,1562,2
367,881,771,643,1650,2
368,950,806,654,1656,3
369,1020,1002,655,1624,4
370,1159,1044,856,1631,5
371,866,815,632,1715,2
372,908,752,648,1607,2
373,883,831,604,1600,2
374,993,880,702,1571,3
375,920,817,659,1603,2
376,1122,938,771,1599,4
377,829,797,524,1602,2
378,925,773,685,1642,3
379,1096,1103,1017,1715,5
380,862,679,487,1634,2
381,1059,1055,824,1657,4
382,1086,856,724,1626,4
383,968,868,617,1536,3
384,908,818,696,1698,2
385,956,846,753,1652,3
386,1043,1032,785,1611,4
387,1003,911,812,1764,3
388,825,650,485,1586,2
389,899,804,595,1592,2
390,958,880,740,1782,3
391,1028,970,799,1708,3
392,957,841,645,1650,3
393,1007,949,725,1612,3
394,842,766,600,1660,2
395,884,811,630,1629,2
396,992,978,762,1630,4
397,913,738,696,1743,2
398,1152,1001,818,1688,5
399,836,705,508,1580,2
400,957,901,665,1610,3
401,757,620,400,1556,1
402,985,1000,736,1585,4
403,1036,952,770,1685,4
404,943,823,630,1592,3
405,960,919,761,1698,3
406,875,886,690,1648,3
407,879,791,573,1575,2
408,935,794,617,1602,3
409,886,822,663,1669,2
410,1018,996,850,1637,4
411,929,798,601,1690,3
412,935,795,655,1664,3
413,932,940,716,1710,3
414,906,716,611,1596,2
415,1150,1164,1000,1656,5
416,991,870,791,1586,3
417,1000,886,676,1653,3
418,1045,831,740,1661,4
419,862,749,501,1495,2
420,900,811,587,1633,2
421,976,850,696,1652,3
422,899,779,599,1596,2
423,1003,1009,809,1715,4
424,995,939,788,1724,3
425,955,907,797,1741,3
426,910,851,746,1707,3
427,945,917,740,1684,3
428,892,780,569,1586,2
429,1066,1046,829,1611,4
430,1040,939,770,1658,4
431,980,909,751,1673,3
432,1100,1076,889,1770,4
433,872,799,661,1574,2
434,1059,1009,842,1715,4
435,852,865,558,1525,3
436,1142,1154,983,1650,5
437,870,814,535,1537,2
438,880,801,581,1568,2
439,892,830,684,1569,2
440,957,807,725,1711,3
441,1070,1073,757,1639,4
442,962,946,733,1638,3
443,930,845,704,1756,3
444,895,748,590,1618,2
445,1050,1003,835,1745,4
446,925,814,635,1569,3
447,895,782,546,1668,2
448,895,780,610,1619,2
449,1101,1016,820,1657,4
450,910,847,685,1628,3
451,903,803,574,1660,2
452,878,733,616,1683,2
453,846,866,678,1672,3
454,836,745,558,1623,2
455,870,705,588,1672,2
456,869,784,591,1619,2
457,794,712,511,1558,2
458,845,742,591,1649,2
459,880,805,671,1730,2
460,843,730,522,1527,2
461,838,761,565,1670,2
462,1077,1000,774,1583,4
463,963,885,730,1643,3
464,1012,800,669,1717,3
465,1000,945,718,1623,3
466,860,810,594,1630,2
467,925,808,680,1710,3
468,1002,961,779,1730,3
469,960,772,695,1725,3
470,957,928,755,1680,3
471,922,889,645,1682,3
472,1157,1050,843,1680,5
473,915,777,688,1829,2
474,885,866,643,1675,3
475,1040,842,689,1727,4
476,1003,842,651,1615,3
477,837,690,460,1497,2
478,871,750,610,1613,2
479,1115,950,925,1771,4
480,924,829,666,1588,3
481,997,995,821,1736,4
482,870,767,591,1664,2
483,1025,898,722,1584,3
484,1006,940,770,1712,3
485,876,787,617,1658,2
486,933,812,685,1646,3
487,966,820,689,1723,3
488,900,813,587,1578,2
489,1040,845,742,1671,4
490,1045,1011,820,1580,4
491,925,758,557,1584,3
492,975,814,648,1670,3
493,910,770,566,1585,2
494,952,809,584,1638,3
495,907,817,599,1589,2
496,1089,938,785,1659,4
497,943,845,654,1550,3
498,1047,995,838,1730,4
499,1027,907,644,1500,3
500,1038,983,809,1615,4
501,906,801,677,1645,2
502,1095,1029,847,1727,4
503,1032,1052,781,1667,4
504,981,848,552,1519,3
505,1113,955,832,1700,4
506,860,807,694,1628,2
507,1068,855,786,1600,4
508,1025,969,851,1747,3
509,925,900,678,1583,3
510,927,800,645,1662,3
511,873,720,618,1697,2
512,948,942,843,1732,3
513,982,1015,793,1647,4
514,1029,1019,727,1589,4
515,965,829,645,1545,3
516,1028,937,755,1659,3
517,891,885,555,1522,3
518,997,816,779,1651,3
519,1016,922,763,1767,3
520,1008,965,785,1608,3
521,997,931,717,1605,3
522,902,895,674,1734,3
523,972,829,730,1661,3
524,960,980,754,1589,4
525,912,800,776,1741,2
526,1079,1012,810,1670,4
527,865,801,667,1680,2
528,957,915,791,1736,3
529,990,937,763,1682,3
530,936,811,650,1714,3
531,856,691,513,1546,2
532,917,813,591,1634,2
533,930,890,658,1568,3
534,876,782,504,1536,2
535,962,927,685,1584,3
536,882,874,629,1646,3
537,891,765,568,1664,2
538,902,800,661,1658,2
539,910,734,683,1738,2
540,923,775,791,1745,3
541,1072,1061,907,1595,4
542,987,926,783,1625,3
543,967,865,709,1623,3
544,841,752,509,1518,2
545,1008,877,623,1525,3
546,919,900,664,1557,3
547,1093,1054,921,1730,4
548,983,903,671,1601,3
549,839,728,547,1597,2
550,1027,947,784,1743,3
551,925,754,590,1683,3
552,1015,921,763,1752,3
553,967,851,709,1618,3
554,1018,851,703,1620,3
555,862,790,581,1649,2
556,846,764,593,1709,2
557,1044,992,753,1587,4
558,917,816,662,1632,2
559,1057,965,683,1527,4
560,1034,975,758,1660,4
561,864,734,613,1632,2
562,942,820,730,1742,3
563,885,848,700,1709,3
564,1048,925,751,1619,4
565,996,927,738,1675,3
566,988,837,642,1634,3
567,892,802,595,1679,2
568,848,846,569,1614,3
569,861,778,596,1684,2
570,937,853,631,1597,3
571,855,730,589,1610,2
572,943,886,746,1688,3
573,997,929,864,1725,3
574,936,900,608,1609,3
575,810,759,504,1585,2
576,887,816,549,1562,2
577,897,770,530,1547,2
578,961,895,692,1611,3
579,1004,880,713,1740,3
580,972,904,705,1555,3
581,971,938,699,1650,3
582,913,906,659,1583,3
583,858,750,632,1647,2
584,946,845,696,1532,3
585,920,811,593,1619,2
586,902,888,695,1704,3
587,970,774,797,1689,3
588,911,846,619,1657,3
589,926,861,677,1647,3
590,892,724,544,1670,2
591,971,928,646,1496,3
592,1117,1026,882,1717,4
593,943,915,634,1531,3
594,981,987,765,1666,4
595,892,915,654,1574,3
596,1000,888,837,1663,3
597,975,863,652,1617,3
598,1005,857,624,1585,3
599,1195,1037,994,1647,5
600,1016,950,748,1643,3
601,901,877,649,1677,3
602,889,665,542,1670,2
603,983,885,814,1651,3
604,883,812,563,1525,2
605,1152,1096,967,1715,5
606,1148,1006,837,1602,5
607,855,685,502,1570,2
608,901,944,657,1662,3
609,983,973,707,1561,4
610,968,975,669,1543,4
611,923,853,597,1562,3
612,897,885,720,1627,3
613,940,816,750,1678,3
614,990,982,673,1608,4
615,906,856,784,1672,3
616,769,710,516,1661,2
617,1010,890,630,1574,3
618,1046,990,793,1670,4
619,895,793,564,1585,2
620,997,962,687,1574,3
621,846,727,590,1617,2
622,904,770,603,1592,2
623,991,930,699,1705,3
624,878,849,573,1620,3
625,957,882,654,1579,3
626,876,749,603,1661,2
627,955,935,771,1595,3
628,1062,903,767,1646,4
629,932,890,667,1522,3
630,928,900,783,1760,3
631,850,752,518,1505,2
632,838,803,663,1708,2
633,938,861,655,1659,3
634,1004,906,690,1613,3
635,905,870,680,1666,3
636,918,860,609,1565,3
637,859,785,646,1578,2
638,880,770,540,1480,2
639,829,756,530,1636,2
640,945,901,789,1608,3
641,825,658,431,1552,2
642,985,873,746,1559,3
643,998,1033,712,1595,4
644,1016,863,727,1674,3
645,845,761,613,1661,2
646,878,792,574,1550,2
647,902,832,655,1597,2
648,884,753,577,1543,2
649,837,760,585,1636,2
650,923,913,627,1563,3
651,905,779,535,1506,2
652,851,803,652,1689,2
653,992,878,702,1600,3
654,1021,1080,931,1827,4
655,824,742,532,1594,2
656,974,817,735,1768,3
657,783,759,557,1658,2
658,945,865,655,1629,3
659,975,855,691,1672,3
660,1013,967,965,1783,3
661,970,992,702,1571,4
662,838,736,523,1525,2
663,923,876,660,1595,3
664,1009,947,814,1708,3
665,1029,1000,952,1818,4
666,832,802,658,1688,2
667,782,695,503,1568,1
668,885,807,547,1555,2
669,988,918,688,1645,3
670,833,750,604,1631,2
671,919,881,669,1563,3
672,926,806,599,1566,3
673,870,875,616,1585,3
674,872,798,548,1518,2
675,838,716,604,1590,2
676,845,829,519,1462,2
677,930,943,640,1599,3
678,845,834,669,1665,2
679,1007,958,791,1712,3
680,908,796,598,1634,2
681,975,865,736,1628,3
682,1080,1052,825,1625,4
683,996,881,756,1718,3
684,773,767,595,1604,2
685,996,978,863,1748,4
686,935,936,686,1650,3
687,965,970,763,1679,3
688,995,904,725,1635,3
689,862,783,639,1673,2
690,856,772,559,1643,2
691,964,960,764,1691,3
692,969,871,699,1672,3
693,839,825,630,1638,2
694,803,734,606,1676,2
695,918,852,680,1655,3
696,914,813,654,1675,2
697,820,765,538,1508,2
698,1006,955,731,1679,3
699,970,882,766,1692,3
700,882,800,577,1631,2
701,909,827,598,1533,2
702,996,887,686,1563,3
703,908,830,708,1655,2
704,786,697,488,1496,1
705,935,857,766,1777,3
706,897,788,583,1546,2
707,906,936,685,1685,3
708,850,768,585,1608,2
709,929,833,719,1632,3
710,892,802,649,1690,2
711,798,742,583,1655,2
712,933,850,648,1574,3
713,841,758,564,1659,2
714,812,706,478,1541,2
715,843,775,591,1675,2
716,936,912,665,1652,3
717,945,886,649,1593,3
718,784,755,512,1565,2
719,804,765,496,1530,2
720,932,897,744,1600,3
721,927,868,680,1615,3
722,783,790,506,1557,2
723,846,785,591,1679,2
724,909,864,712,1662,3
725,1121,967,844,1696,4
726,892,760,547,1657,2
727,814,726,487,1495,2
728,939,842,612,1644,3
729,933,865,722,1652,3
730,894,888,567,1566,3
731,957,819,688,1653,3
732,787,739,542,1604,2
733,853,805,611,1594,2
734,989,880,672,1627,3
735,927,810,749,1729,3
736,883,803,585,1602,2
737,930,787,605,1615,3
738,862,787,601,1645,2
739,877,821,621,1623,2
740,830,723,609,1595,2
741,798,628,470,1480,1
742,955,951,786,1696,3
743,958,857,725,1680,3
744,787,726,516,1590,2
745,802,700,501,1529,1
746,917,860,626,1551,3
747,942,832,787,1709,3
748,947,818,572,1589,3
749,902,813,670,1616,2
750,825,705,535,1643,2
751,844,768,638,1587,2
752,888,779,752,1691,2
753,824,699,519,1558,2
754,843,768,602,1611,2
755,915,898,701,1724,3
756,958,900,782,1623,3
757,880,791,611,1686,2
758,1011,895,631,1587,3
759,803,710,540,1546,2
760,914,827,619,1682,2
761,848,812,577,1519,2
762,867,808,673,1631,2
763,909,789,608,1525,2
764,1110,1092,905,1657,4
765,975,815,682,1653,3
766,1018,937,683,1447,3
767,1068,1040,778,1615,4
768,958,854,648,1732,3
769,1212,1076,1082,1733,5
770,1004,1031,875,1760,4
771,1052,930,788,1669,4
772,1073,976,844,1602,4
773,910,916,667,1611,3
774,1057,927,749,1607,4
775,1043,1032,827,1582,4
776,902,925,695,1636,3
777,909,889,697,1702,3
778,783,708,528,1591,1
779,1036,925,785,1724,4
780,965,833,669,1657,3
781,830,827,556,1591,2
782,1077,1042,840,1630,4
783,945,961,831,1730,3
784,943,866,735,1695,3
785,948,911,763,1598,3
786,953,875,637,1606,3
787,975,906,700,1644,3
788,923,835,626,1575,3
789,881,787,607,1642,2
790,986,943,705,1615,3
791,988,913,689,1570,3
792,896,778,633,1607,2
793,823,722,564,1626,2
794,935,843,729,1729,3
795,932,782,618,1501,3
796,883,791,618,1657,2
797,813,761,546,1614,2
798,954,853,686,1660,3
799,884,725,641,1675,2
800,865,779,635,1638,2
801,869,834,634,1584,2
802,927,800,684,1680,3
803,896,835,680,1667,2
804,946,825,751,1758,3
805,950,962,851,1688,3
806,895,823,582,1636,2
807,910,846,709,1607,3
808,876,959,664,1594,3
809,962,907,757,1694,3
810,910,807,632,1606,2
811,863,853,674,1687,3
812,896,753,602,1574,2
813,898,839,616,1603,3
814,921,762,584,1559,3
815,914,861,717,1659,3
816,920,845,606,1614,3
817,869,818,648,1630,2
818,860,760,478,1435,2
819,951,885,751,1672,3
820,936,872,739,1708,3
821,1017,887,686,1676,3
822,844,788,620,1609,2
823,1000,937,740,1590,3
824,832,798,598,1629,2
825,888,826,645,1598,2
826,895,761,563,1560,2
827,919,822,686,1688,2
828,906,803,696,1745,2
829,865,791,631,1673,2
830,950,846,729,1662,3
831,906,762,548,1576,2
832,908,860,650,1720,3
833,906,867,700,1701,3
834,815,793,580,1620,2
835,952,928,738,1670,3
836,775,672,478,1630,1
837,815,785,583,1636,2
838,956,916,849,1714,3
839,927,854,732,1702,3
840,855,778,609,1590,2
841,900,771,654,1643,2
842,946,897,832,1769,3
843,882,822,591,1549,2
844,973,935,695,1533,3
845,848,828,609,1592,2
846,903,841,650,1609,3
847,815,754,550,1569,2
848,883,865,659,1586,3
849,902,827,701,1574,2
850,930,887,689,1617,3
851,866,836,607,1589,2
852,931,917,736,1679,3
853,826,739,564,1700,2
854,847,779,566,1623,2
855,857,775,681,1677,2
856,920,860,660,1598,3
857,784,700,536,1625,1
858,840,812,647,1685,2
859,1025,908,776,1685,3
860,794,733,563,1623,2
861,945,904,675,1674,3
862,890,814,604,1653,2
863,957,872,542,1587,3
864,1008,980,664,1595,4
865,998,1046,744,1563,4
866,909,841,621,1674,3
867,982,824,585,1439,3
868,1018,955,810,1718,3
869,796,717,511,1589,2
870,1112,964,717,1645,4
871,913,758,607,1677,2
872,884,829,591,1552,2
873,1073,999,636,1523,4
874,1012,941,715,1612,3
875,917,776,574,1642,2
876,979,822,716,1732,3
877,877,752,540,1600,2
878,824,716,426,1409,2
879,889,759,585,1620,2
880,960,898,828,1746,3
881,983,852,740,1688,3
882,976,920,765,1606,3
883,1029,1047,852,1658,4
884,915,904,671,1590,3
885,922,875,760,1781,3
886,992,850,695,1690,3
887,1015,987,754,1654,4
888,945,870,663,1583,3
889,843,743,480,1523,2
890,1096,910,830,1685,4
891,974,964,756,1672,3
892,1032,934,784,1641,4
893,882,780,594,1644,2
894,1013,951,766,1597,3
895,899,795,678,1732,2
896,847,815,517,1529,2
897,953,848,662,1620,3
898,993,797,665,1643,3
899,897,927,613,1556,3
900,1015,986,729,1630,4
901,924,884,701,1614,3
902,737,673,426,1464,1
903,962,810,729,1749,3
904,998,933,761,1618,3
905,937,995,719,1631,4
906,1004,966,794,1704,3
907,924,874,705,1669,3
908,1023,1013,727,1586,4
909,887,735,609,1602,2
910,950,1072,800,1620,4
911,917,834,625,1575,2
912,1052,1065,768,1513,4
913,868,818,578,1573,2
914,861,828,639,1649,2
915,980,945,749,1657,3
916,945,900,650,1538,3
917,857,831,633,1684,2
918,885,822,526,1550,2
919,994,1021,766,1630,4
920,1202,1157,934,1693,5
921,982,861,667,1557,3
922,882,765,622,1627,2
923,1208,1085,942,1666,5
924,930,880,641,1599,3
925,985,1012,692,1547,4
926,922,831,646,1636,3
927,889,797,525,1547,2
928,792,762,490,1629,2
929,997,922,749,1560,3
930,1051,1035,852,1751,4
931,908,1012,772,1625,4
932,964,864,643,1573,3
933,980,962,722,1599,3
934,972,914,693,1547,3
935,921,862,737,1735,3
936,1003,957,725,1670,3
937,1035,897,816,1678,4
938,863,812,570,1604,2
939,939,865,660,1631,3
940,980,1054,804,1684,4
941,1030,973,852,1715,4
942,1035,947,662,1635,4
943,933,902,706,1666,3
944,860,782,577,1705,2
945,873,755,526,1629,2
946,976,990,808,1718,4
947,1003,972,834,1626,3
948,951,922,750,1616,3
949,924,895,619,1602,3
950,966,885,675,1667,3
951,1022,910,702,1645,3
952,947,827,659,1670,3
953,941,840,712,1621,3
954,1066,1032,1028,1721,4
955,1091,903,759,1606,4
956,953,875,659,1567,3
957,904,790,644,1720,2
958,900,875,689,1639,3
959,1013,983,863,1730,4
960,1147,1139,949,1682,5
961,874,792,630,1720,2
962,1214,1133,1069,1783,5
963,893,881,639,1641,3
964,902,907,683,1568,3
965,940,850,630,1640,3
966,989,945,718,1556,3
967,1033,1069,874,1647,4
968,995,920,752,1630,3
969,1154,1095,852,1587,5
970,1172,1039,827,1627,5
971,870,765,559,1638,2
972,1110,1042,821,1644,4
973,982,880,663,1603,3
974,897,811,638,1713,2
975,966,987,799,1721,4
976,838,793,589,1573,2
977,996,918,761,1619,3
978,1006,1040,672,1524,4
979,882,803,541,1605,2
980,1035,838,697,1617,4
981,895,878,616,1601,3
982,1053,1040,852,1703,4
983,882,785,582,1574,2
984,1036,943,742,1596,4
985,876,800,609,1602,2
986,964,916,690,1599,3
987,935,961,675,1632,3
988,1098,1065,886,1660,4
989,924,847,652,1568,3
990,1032,1020,826,1639,4
991,923,790,556,1591,3
992,934,887,719,1628,3
993,1077,975,822,1615,4
994,1098,1100,965,1680,4
995,907,896,624,1590,3
996,726,660,435,1563,1
997,1090,1021,753,1641,4
998,836,790,553,1710,2
999,901,816,578,1566,2
1000,1023,966,713,1573,3
1001,980,966,776,1669,3
1002,976,809,655,1607,3
1003,922,787,578,1633,3
1004,1126,907,843,1699,4
1005,892,877,670,1638,3
1006,1000,878,764,1634,3
1007,864,734,663,1660,2
1008,880,861,671,1604,3
1009,980,885,706,1693,3
1010,936,820,636,1595,3
1011,882,796,646,1694,2
1012,934,835,658,1626,3
1013,1021,922,789,1613,3
1014,887,769,585,1614,2
1015,900,812,589,1630,2
1016,1035,973,785,1716,4
1017,1013,952,676,1510,3
1018,1100,1113,862,1639,5
1019,981,907,605,1576,3
1020,1095,1068,950,1677,4
1021,985,843,649,1669,3
1022,884,755,616,1592,2
1023,1030,910,715,1606,3
1024,1012,943,765,1597,3
1025,890,819,652,1610,2
1026,878,905,773,1811,3
1027,1028,1018,734,1639,4
1028,825,757,549,1635,2
1029,1041,893,802,1751,4
1030,1023,849,695,1626,3
1031,949,768,647,1688,3
1032,914,850,657,1588,3
1033,1111,1090,871,1635,4
1034,855,835,580,1624,2
1035,1015,946,796,1634,3
1036,929,852,761,1749,3
1037,925,741,576,1646,3
1038,1129,1060,870,1600,4
1039,1008,1017,766,1600,4
1040,845,782,548,1517,2
1041,1039,1030,826,1659,4
1042,902,853,651,1718,3
1043,948,881,570,1533,3
1044,1051,948,719,1592,4
1045,1003,846,726,1636,3
1046,882,875,716,1648,3
1047,1056,982,832,1669,4
1048,965,791,604,1655,3
1049,932,844,764,1770,3
1050,1051,1028,934,1752,4
1051,850,768,573,1741,2
1052,830,775,582,1608,2
1053,889,718,553,1636,2
1054,1005,871,698,1555,3
1055,925,840,640,1573,3
1056,844,719,590,1623,2
1057,900,811,604,1534,2
1058,954,920,666,1543,3
1059,925,812,670,1744,3
1060,902,814,633,1623,2
1061,947,818,618,1587,3
1062,944,844,645,1563,3
1063,899,787,582,1655,2
1064,1033,948,796,1612,4
1065,900,834,609,1636,2
1066,996,972,823,1709,3
1067,906,763,567,1547,2
1068,896,710,510,1657,2
1069,876,805,601,1695,2
1070,955,843,716,1720,3
1071,912,866,681,1587,3
1072,1160,981,940,1676,5
1073,844,840,686,1726,3
1074,948,866,671,1616,3
1075,928,745,689,1747,3
1076,1042,930,786,1705,4
1077,906,824,704,1685,2
1078,776,669,504,1594,1
1079,872,769,598,1687,2
1080,1005,877,760,1700,3
1081,1055,970,780,1658,4
1082,1006,880,712,1562,3
1083,953,870,665,1658,3
1084,935,900,735,1688,3
1085,895,752,544,1524,2
1086,992,805,678,1611,3
1087,900,842,648,1627,3
1088,953,917,663,1614,3
1089,971,853,779,1598,3
1090,990,953,702,1643,3
1091,873,816,592,1611,2
1092,852,778,563,1520,2
1093,1039,963,927,1697,4
1094,992,931,801,1640,3
1095,970,889,772,1672,3
1096,936,805,704,1662,3
1097,882,776,590,1601,2
1098,978,795,640,1580,3
1099,997,936,842,1676,3
1100,822,702,546,1536,2
1101,932,918,715,1561,3
1102,903,828,575,1475,2
1103,798,698,522,1532,1
1104,957,839,725,1646,3
1105,854,774,517,1657,2
1106,896,828,631,1648,2
1107,804,722,537,1586,2
1108,900,805,597,1609,2
1109,944,821,607,1562,3
1110,875,797,577,1507,2
1111,881,764,499,1468,2
1112,926,847,687,1636,3
1113,1021,863,680,1585,3
1114,919,868,632,1607,3
1115,989,907,776,1657,3
1116,961,883,638,1606,3
1117,994,946,783,1705,3
1118,836,735,602,1605,2
1119,944,952,771,1666,3
1120,896,833,617,1635,2
1121,841,737,462,1498,2
1122,863,715,591,1619,2
1123,870,808,574,1559,2
1124,902,758,621,1639,2
1125,914,883,618,1574,3
1126,824,789,518,1530,2
1127,881,812,631,1552,2
1128,929,838,653,1572,3
1129,900,770,646,1670,2
1130,807,707,569,1574,1
1131,950,798,661,1636,3
1132,892,856,598,1575,3
1133,852,716,533,1676,2
1134,1071,940,755,1705,4
1135,987,907,702,1603,3
1136,961,832,655,1593,3
1137,912,836,644,1611,2
1138,947,840,680,1673,3
1139,893,790,715,1689,2
1140,837,733,499,1529,2
1141,882,700,523,1602,2
1142,1057,805,740,1764,4
1143,956,937,750,1648,3
1144,976,867,604,1587,3
1145,808,641,430,1492,1
1146,1082,951,750,1567,4
1147,1002,845,716,1563,3
1148,966,876,723,1663,3
1149,1030,951,765,1617,3
1150,904,790,660,1683,2
1151,914,752,600,1636,2
1152,933,807,695,1628,3
1153,917,852,637,1536,3
1154,874,880,602,1530,3
1155,1022,913,815,1678,3
1156,956,885,773,1682,3
1157,850,742,537,1585,2
1158,912,826,672,1588,2
1159,895,820,698,1718,2
1160,1021,1010,809,1655,4
1161,893,820,722,1705,2
1162,976,792,630,1608,3
1163,886,766,654,1607,2
1164,847,728,484,1490,2
1165,956,895,653,1563,3
1166,824,811,669,1677,2
1167,945,856,668,1615,3
1168,907,772,672,1570,2
1169,887,826,597,1563,2
1170,929,844,658,1627,3
1171,863,756,657,1743,2
1172,917,893,681,1635,3
1173,1070,1059,894,1699,4
1174,883,781,643,1503,2
1175,1103,932,857,1637,4
1176,854,746,560,1544,2
1177,908,801,613,1493,2
1178,913,928,662,1645,3
1179,923,806,719,1707,3
1180,889,749,586,1611,2
1181,845,767,576,1543,2
1182,874,748,560,1604,2
1183,851,798,616,1588,2
1184,811,722,533,1543,2
1185,998,888,678,1630,3
1186,974,784,776,1674,3
1187,935,778,658,1560,3
1188,1001,930,666,1620,3
1189,790,740,549,1613,2
1190,854,818,539,1541,2
1191,1056,1026,814,1595,4
1192,923,796,611,1600,3
1193,942,865,777,1690,3
1194,930,892,725,1612,3
1195,945,891,664,1559,3
1196,1037,985,806,1678,4
1197,836,767,522,1608,2
1198,790,698,478,1559,1
1199,1040,1031,845,1683,4
1200,985,869,685,1586,3
1201,932,853,646,1646,3
1202,908,788,679,1656,2
1203,820,755,509,1515,2
1204,953,868,745,1754,3
1205,934,773,670,1699,3
1206,969,847,573,1573,3
1207,841,799,597,1657,2
1208,998,895,665,1655,3
1209,826,740,505,1502,2
1210,953,927,749,1653,3
1211,1001,905,756,1633,3
1212,956,837,634,1585,3
1213,975,896,768,1632,3
1214,1019,968,804,1616,3
1215,971,941,762,1670,3
1216,890,698,526,1632,2
1217,834,785,653,1648,2
1218,1046,928,726,1576,4
1219,920,783,557,1606,2
1220,869,772,599,1652,2
1221,1003,970,759,1625,3
1222,955,880,607,1598,3
1223,1068,946,669,1618,4
1224,988,915,697,1674,3
1225,912,855,614,1563,3
1226,1027,881,742,1728,3
1227,995,855,671,1590,3
1228,834,825,577,1636,2
1229,972,939,803,1655,3
1230,928,837,634,1707,3
1231,891,822,681,1676,2
1232,998,895,734,1633,3
1233,983,803,672,1607,3
1234,919,911,662,1618,3
1235,916,822,703,1708,2
1236,920,790,709,1735,2
1237,855,700,586,1715,2
1238,923,727,493,1570,3
1239,988,849,733,1642,3
1240,1098,1174,996,1788,5
1241,913,837,648,1600,3
1242,936,835,729,1675,3
1243,1093,1114,902,1634,5
1244,1037,960,754,1576,4
1245,903,814,654,1599,2
1246,883,824,708,1598,2
1247,986,889,647,1548,3
1248,920,790,631,1607,2
1249,904,775,666,1686,2
1250,865,827,667,1640,2
1251,864,707,497,1563,2
1252,848,788,558,1591,2
1253,1097,982,921,1678,4
1254,937,804,695,1670,3
1255,947,847,563,1529,3
1256,860,757,603,1616,2
1257,959,860,647,1620,3
1258,945,827,642,1510,3
1259,1022,852,701,1626,3
1260,859,815,583,1600,2
1261,1076,966,843,1679,4
1262,1055,928,696,1600,4
1263,1072,906,735,1618,4
1264,863,729,470,1629,2
1265,901,775,608,1651,2
1266,791,742,515,1596,2
1267,983,882,717,1654,3
1268,1035,995,889,1776,4
1269,845,705,532,1546,2
1270,990,876,747,1676,3
1271,924,775,622,1585,3
1272,899,733,574,1594,2
1273,870,781,565,1629,2
1274,972,840,646,1581,3
1275,855,751,529,1614,2
1276,947,834,648,1559,3
1277,967,878,751,1697,3
1278,1026,879,740,1674,3
1279,1018,974,758,1692,4
1280,849,760,554,1615,2
1281,1045,964,852,1762,4
1282,986,1025,814,1573,4
1283,1064,966,824,1674,4
1284,874,761,503,1531,2
1285,964,905,607,1505,3
1286,858,851,692,1700,3
1287,992,903,640,1539,3
1288,885,820,650,1620,2
1289,828,719,580,1712,2
1290,927,810,601,1554,3
1291,821,728,601,1598,2
1292,968,845,664,1612,3
1293,857,806,703,1707,2
1294,922,764,616,1611,3
1295,967,854,654,1599,3
1296,848,747,589,1569,2
1297,864,656,524,1663,2
1298,962,886,706,1666,3
1299,837,801,676,1659,2
1300,965,895,623,1543,3
1301,931,916,628,1571,3
1302,795,681,503,1618,1
1303,910,790,599,1610,2
1304,786,680,508,1512,1
1305,785,725,520,1555,2
1306,1050,942,831,1729,4
1307,964,838,622,1593,3
1308,973,883,706,1609,3
1309,917,907,667,1648,3
1310,953,878,730,1631,3
1311,1032,980,842,1712,4
1312,799,794,549,1541,2
1313,864,754,609,1663,2
1314,990,844,670,1614,3
1315,1006,860,711,1598,3
1316,951,865,655,1617,3
1317,999,900,771,1658,3
1318,935,769,668,1642,3
1319,905,863,707,1698,3
1320,1045,936,757,1648,4
1321,990,866,857,1756,3
1322,922,842,678,1651,3
1323,893,819,630,1634,2
1324,882,794,745,1709,2
1325,828,746,564,1686,2
1326,1009,878,721,1645,3
1327,925,835,646,1565,3
1328,805,690,444,1537,1
1329,918,800,591,1511,2
1330,941,848,696,1649,3
1331,808,694,445,1458,1
1332,893,765,726,1759,2
1333,904,885,707,1558,3
1334,937,797,643,1688,3
1335,869,831,654,1581,2
1336,902,840,626,1583,3
1337,926,871,736,1643,3
1338,1031,955,853,1752,4
1339,948,936,750,1600,3
1340,1086,905,797,1618,4
1341,1053,1005,837,1710,4
1342,838,756,590,1585,2
1343,840,719,512,1595,2
1344,945,794,621,1614,3
1345,1058,967,810,1663,4
1346,915,846,614,1617,3
1347,853,738,544,1596,2
1348,875,790,603,1602,2
1349,1021,926,792,1694,3
1350,1015,853,618,1510,3
1351,995,886,603,1534,3
1352,1127,970,885,1634,4
1353,1038,1000,842,1679,4
1354,1011,956,798,1618,3
1355,908,840,634,1658,3
1356,870,749,561,1643,2
1357,992,905,774,1652,3
1358,988,847,730,1615,3
1359,1022,933,850,1674,3
1360,995,883,643,1527,3
1361,877,710,505,1518,2
1362,840,825,729,1653,2
1363,1035,866,835,1659,4
1364,807,668,463,1570,1
1365,1063,1121,802,1570,5
1366,1153,1121,951,1653,5
1367,815,680,582,1712,2
1368,999,863,703,1519,3
1369,1145,1127,1019,1702,5
1370,915,801,645,1627,2
1371,1065,942,721,1516,4
1372,1032,900,661,1583,4
1373,896,775,589,1647,2
1374,837,702,528,1594,2
1375,913,783,623,1617,2
1376,1188,1032,896,1674,5
1377,1030,981,833,1605,4
1378,1139,1090,916,1649,4
1379,869,780,677,1603,2
1380,773,726,535,1620,2
1381,1052,908,712,1584,4
1382,860,725,527,1579,2
1383,1045,933,721,1608,4
1384,932,781,589,1656,3
1385,953,867,731,1639,3
1386,854,771,620,1630,2
1387,1033,991,695,1615,4
1388,939,850,620,1584,3
1389,954,814,669,1664,3
1390,893,830,543,1545,2
1391,867,862,648,1688,3
1392,842,701,625,1673,2
1393,866,807,643,1647,2
1394,957,957,736,1637,3
1395,1036,922,824,1787,4
1396,992,895,701,1503,3
1397,1040,940,699,1562,4
1398,1021,912,754,1558,3
1399,946,818,647,1576,3
1400,961,830,666,1628,3
1401,1100,944,831,1748,4
1402,994,840,632,1572,3
1403,937,824,746,1743,3
1404,920,904,589,1561,3
1405,925,825,643,1623,3
1406,965,908,705,1649,3
1407,1074,901,760,1661,4
1408,976,847,680,1668,3
1409,941,842,695,1722,3
1410,1045,1077,868,1674,4
1411,902,770,653,1663,2
1412,1001,856,804,1543,3
1413,935,763,673,1561,3
1414,802,682,516,1587,1
1415,928,841,526,1495,3
1416,1129,1106,914,1645,5
1417,1061,1045,919,1653,4
1418,1005,993,757,1685,4
1419,1048,1017,717,1569,4
1420,915,851,738,1656,3
1421,920,860,769,1672,3
1422,932,785,692,1622,3
1423,894,765,609,1664,2
1424,854,737,596,1636,2
1425,1045,953,740,1666,4
1426,1056,973,804,1558,4
1427,1093,958,934,1674,4
1428,952,812,568,1534,3
1429,847,923,626,1630,3
1430,1005,878,738,1671,3
1431,968,816,808,1789,3
1432,852,831,624,1553,2
1433,1010,903,775,1673,3
1434,902,824,631,1598,2
1435,990,972,875,1798,3
1436,888,800,650,1641,2
1437,848,772,650,1718,2
1438,1001,925,638,1568,3
1439,923,840,642,1652,3
1440,954,829,698,1676,3
1441,1083,968,831,1595,4
1442,1053,1095,962,1697,4
1443,1167,1050,930,1703,5
1444,826,696,489,1567,2
1445,818,760,536,1554,2
1446,930,736,629,1645,3
1447,818,651,510,1625,2
1448,966,837,654,1560,3
1449,946,798,588,1501,3
1450,931,880,650,1617,3
1451,913,790,679,1660,2
1452,1053,1045,719,1635,4
1453,984,1033,920,1621,4
1454,920,757,618,1596,2
1455,951,885,712,1649,3
1456,921,893,643,1590,3
1457,935,968,793,1630,3
1458,903,930,575,1505,3
1459,979,837,686,1590,3
1460,882,840,688,1613,3
1461,981,900,778,1620,3
1462,1053,955,765,1687,4
1463,887,796,590,1613,2
1464,964,833,626,1648,3
1465,1016,891,908,1820,3
1466,863,656,500,1613,2
1467,978,808,688,1719,3
1468,926,803,567,1543,3
1469,913,807,622,1674,2
1470,981,865,707,1662,3
1471,945,876,685,1612,3
1472,836,723,571,1605,2
1473,1112,1056,846,1560,4
1474,814,711,618,1664,2
1475,943,780,672,1662,3
1476,924,778,692,1620,3
1477,764,637,469,1567,1
1478,873,790,674,1689,2
1479,845,718,529,1576,2
1480,861,840,644,1596,3
1481,1023,1026,819,1684,4
1482,908,817,683,1702,2
1483,852,689,582,1745,2
1484,861,764,532,1599,2
1485,985,858,703,1628,3
1486,1037,855,807,1651,4
1487,886,825,569,1592,2
1488,897,787,504,1587,2
1489,955,941,743,1628,3
1490,918,840,648,1627,3
1491,949,846,652,1617,3
1492,830,790,548,1582,2
1493,897,776,561,1537,2
1494,916,823,663,1629,2
1495,900,725,577,1640,2
1496,934,908,790,1675,3
1497,996,908,671,1592,3
1498,1020,942,691,1633,3
1499,919,863,773,1733,3
1500,893,733,622,1610,2
1501,943,852,620,1566,3
1502,990,898,691,1639,3
1503,885,879,626,1580,3
1504,873,751,587,1557,2
1505,913,864,694,1683,3
1506,930,779,647,1597,3
1507,883,884,621,1598,3
1508,956,940,698,1613,3
1509,835,769,656,1649,2
1510,847,757,602,1672,2
1511,891,784,743,1713,2
1512,1032,991,744,1641,4
1513,928,788,633,1612,3
1514,892,807,621,1596,2
1515,821,720,467,1442,2
1516,978,849,639,1555,3
1517,915,858,579,1497,3
1518,973,889,708,1612,3
1519,911,757,698,1690,2
1520,981,828,654,1634,3
1521,900,820,542,1509,2
1522,862,739,593,1582,2
1523,909,789,497,1465,2
1524,913,733,526,1545,2
1525,825,740,480,1475,2
1526,951,808,557,1633,3
1527,976,967,724,1631,3
1528,945,909,661,1626,3
1529,1057,962,794,1533,4
1530,904,834,572,1553,2
1531,946,948,785,1752,3
1532,976,848,676,1618,3
1533,887,721,530,1634,2
1534,991,865,777,1689,3
1535,877,793,524,1534,2
1536,900,731,601,1629,2
1537,893,750,559,1628,2
1538,845,744,530,1603,2
1539,880,780,578,1547,2
1540,1010,860,644,1585,3
1541,1016,900,693,1638,3
1542,1033,955,849,1754,4
1543,895,753,607,1623,2
1544,919,825,623,1614,2
1545,870,774,601,1676,2
1546,825,679,516,1560,2
1547,792,716,505,1637,2
1548,892,699,532,1542,2
1549,904,814,566,1536,2
1550,945,853,732,1613,3
1551,908,783,576,1595,2
1552,1005,860,807,1659,3
1553,895,750,622,1564,2
1554,1014,960,726,1686,3
1555,978,873,711,1678,3
1556,975,923,572,1573,3
1557,889,791,623,1589,2
1558,884,771,602,1621,2
1559,1135,983,805,1679,4
1560,914,787,561,1598,2
1561,766,657,520,1713,1
1562,880,781,578,1550,2
1563,834,740,580,1583,2
1564,834,819,612,1540,2
1565,936,805,585,1541,3
1566,1052,1010,875,1622,4
1567,1015,905,773,1793,3
1568,1026,920,755,1713,3
1569,1043,924,678,1603,4
1570,1062,1003,888,1711,4
1571,921,780,665,1641,3
1572,963,1003,580,1494,4
1573,1029,863,665,1672,3
1574,884,856,649,1616,3
1575,983,902,673,1585,3
1576,1065,1010,744,1612,4
1577,869,759,576,1663,2
1578,1004,893,735,1656,3
1579,940,844,636,1598,3
1580,770,665,432,1545,1
1581,1072,930,747,1634,4
1582,971,807,669,1704,3
1583,1100,957,826,1664,4
1584,873,868,578,1522,3
1585,907,782,637,1646,2
1586,1019,966,758,1557,3
1587,950,778,594,1625,3
1588,1143,980,872,1671,5
1589,970,850,693,1535,3
1590,903,670,500,1591,2
1591,916,745,567,1567,2
1592,868,826,589,1540,2
1593,987,860,640,1573,3
1594,942,797,683,1637,3
1595,908,706,566,1604,2
1596,881,730,632,1740,2
1597,882,743,591,1563,2
1598,907,805,760,1773,2
1599,966,912,664,1672,3
1600,931,853,658,1564,3
1601,968,847,710,1600,3
1602,830,726,551,1586,2
1603,883,795,593,1566,2
1604,959,837,661,1683,3
1605,910,816,658,1613,2
1606,940,814,634,1572,3
1607,869,693,480,1584,2
1608,900,798,660,1706,2
1609,887,807,601,1620,2
1610,807,778,546,1640,2
1611,1266,1305,1166,1711,6
1612,1042,919,793,1641,4
1613,791,611,454,1567,1
1614,814,698,499,1629,2
1615,695,615,358,1479,1
1616,912,859,700,1663,3
1617,934,887,770,1749,3
1618,984,911,649,1592,3
1619,887,733,550,1591,2
1620,1081,979,875,1710,4
1621,1012,968,768,1684,3
1622,1018,941,763,1625,3
1623,935,732,650,1666,3
1624,896,760,555,1576,2
1625,1036,905,755,1685,4
1626,850,715,548,1629,2
1627,926,878,705,1637,3
1628,888,788,548,1597,2
1629,967,903,763,1676,3
1630,1026,870,784,1672,3
1631,920,848,698,1707,3
1632,879,825,650,1649,2
1633,972,955,794,1615,3
1634,1157,1105,897,1629,5
1635,850,785,525,1615,2
1636,976,972,772,1537,3
1637,899,793,657,1663,2
1638,888,798,537,1582,2
1639,1010,955,667,1499,3
1640,1010,920,833,1771,3
1641,967,855,599,1545,3
1642,975,914,649,1603,3
1643,1066,938,788,1580,4
1644,1062,960,752,1608,4
1645,941,900,643,1561,3
1646,880,780,613,1642,2
1647,1027,935,847,1600,3
1648,953,890,687,1591,3
1649,997,821,697,1697,3
1650,870,793,602,1691,2
1651,956,775,631,1563,3
1652,1152,1034,952,1598,5
1653,795,664,513,1631,1
1654,937,907,694,1648,3
1655,826,768,509,1496,2
1656,878,672,520,1522,2
1657,1047,965,889,1769,4
1658,900,784,785,1761,2
1659,976,903,678,1618,3
1660,912,841,644,1612,3
1661,940,870,657,1653,3
1662,955,852,661,1598,3
1663,1130,993,925,1770,4
1664,1001,866,611,1566,3
1665,961,757,611,1668,3
1666,973,907,797,1614,3
1667,1021,853,682,1673,3
1668,840,779,489,1588,2
1669,1053,926,669,1534,4
1670,888,825,617,1490,2
1671,955,938,706,1611,3
1672,909,755,611,1599,2
1673,1001,867,662,1645,3
1674,910,784,532,1571,2
1675,933,753,616,1657,3
1676,974,914,737,1641,3
1677,947,826,657,1710,3
1678,986,875,671,1674,3
1679,1180,1095,831,1561,5
1680,1100,1076,866,1664,4
1681,1101,1087,1054,1743,4
1682,1080,1011,920,1681,4
1683,913,931,617,1498,3
1684,1026,888,772,1595,3
1685,1047,971,777,1771,4
1686,1113,1015,802,1585,4
1687,1080,995,953,1819,4
1688,1094,1067,870,1683,4
1689,974,853,730,1686,3
1690,1096,937,877,1703,4
1691,976,967,823,1707,3
1692,1078,1112,831,1678,5
1693,886,700,599,1646,2
1694,962,907,725,1676,3
1695,872,810,630,1703,2
1696,901,900,623,1609,3
1697,1100,935,821,1636,4
1698,910,858,624,1625,3
1699,883,790,567,1615,2
1700,1060,960,675,1603,4
1701,846,778,623,1641,2
1702,920,791,644,1697,2
1703,926,838,626,1571,3
1704,946,845,713,1548,3
1705,899,799,630,1633,2
1706,1032,922,820,1667,4
1707,1043,956,762,1584,4
1708,929,843,697,1642,3
1709,1098,1064,910,1736,4
1710,965,957,801,1671,3
1711,912,820,683,1595,2
1712,964,875,769,1716,3
1713,879,768,601,1574,2
1714,1054,1073,821,1610,4
1715,947,913,842,1643,3
1716,992,959,791,1697,3
1717,941,840,575,1501,3
1718,884,787,568,1632,2
1719,1015,893,720,1654,3
1720,787,706,521,1571,1
1721,1031,850,689,1596,4
1722,881,796,652,1589,2
1723,1131,1010,827,1650,4
1724,927,910,662,1611,3
1725,971,1013,715,1632,4
1726,1220,1046,973,1729,5
1727,800,650,450,1533,1
1728,793,720,504,1611,2
1729,848,747,577,1650,2
1730,932,867,562,1473,3
1731,941,810,728,1700,3
1732,940,807,722,1692,3
1733,826,738,560,1611,2
1734,990,920,824,1734,3
1735,1047,918,825,1692,4
1736,1071,1093,995,1647,4
1737,1222,1140,988,1599,5
1738,1102,1017,815,1614,4
1739,950,945,723,1549,3
1740,957,868,736,1634,3
1741,951,805,698,1760,3
1742,1026,944,766,1683,3
1743,900,814,651,1618,2
1744,800,735,518,1565,2
1745,868,814,549,1592,2
1746,862,787,576,1636,2
1747,914,808,583,1538,2
1748,883,822,670,1648,2
1749,936,801,631,1645,3
1750,880,842,627,1623,3
1751,941,844,676,1611,3
1752,872,747,534,1602,2
1753,1008,873,748,1670,3
1754,915,757,644,1643,2
1755,979,854,677,1628,3
1756,904,778,620,1575,2
1757,834,713,536,1613,2
1758,868,771,599,1598,2
1759,898,857,644,1610,3
1760,822,739,536,1597,2
1761,1086,972,882,1590,4
1762,930,840,646,1688,3
1763,936,878,662,1502,3
1764,915,788,698,1593,2
1765,1036,895,677,1607,4
1766,881,740,586,1625,2
1767,886,767,526,1525,2
1768,894,797,564,1563,2
1769,923,840,765,1734,3
1770,996,947,871,1734,3
1771,920,812,682,1728,2
1772,893,856,629,1661,3
1773,872,733,568,1703,2
1774,971,857,680,1702,3
1775,911,782,669,1772,2
1776,928,918,712,1626,3
1777,999,875,781,1661,3
1778,966,835,675,1549,3
1779,938,795,663,1634,3
1780,1016,967,793,1661,3
1781,946,902,604,1564,3
1782,1075,902,732,1664,4
1783,1044,986,712,1553,4
1784,909,840,722,1700,3
1785,926,827,610,1542,3
1786,987,975,817,1743,4
1787,980,905,799,1623,3
1788,845,770,602,1590,2
1789,882,737,584,1604,2
1790,872,752,601,1627,2
1791,1014,918,834,1718,3
1792,1173,957,973,1705,5
1793,857,686,557,1561,2
1794,803,782,553,1661,2
1795,841,700,526,1620,2
1796,857,690,614,1660,2
1797,1083,1034,894,1697,4
1798,1066,990,893,1699,4
1799,901,800,702,1740,2
1800,1030,879,738,1701,3
1801,900,727,601,1707,2
1802,998,991,782,1560,4
1803,780,647,442,1483,1
1804,802,678,476,1587,1
1805,907,846,642,1579,3
1806,940,850,737,1659,3
1807,972,851,776,1684,3
1808,900,770,620,1593,2
1809,953,843,646,1589,3
1810,945,856,697,1683,3
1811,953,795,724,1704,3
1812,1022,883,697,1736,3
1813,927,768,620,1633,3
1814,1013,857,884,1724,3
1815,1001,982,712,1487,4
1816,1018,915,684,1560,3
1817,978,920,623,1561,3
1818,930,816,614,1618,3
1819,930,667,551,1604,3
1820,1141,1198,1121,1658,5
1821,970,882,749,1658,3
1822,956,870,709,1591,3
1823,872,780,588,1638,2
1824,1003,1016,876,1751,4
1825,857,753,597,1587,2
1826,1044,937,680,1540,4
1827,1009,946,707,1576,3
1828,920,745,686,1737,2
1829,901,826,624,1573,2
1830,903,805,610,1622,2
1831,891,773,582,1588,2
1832,843,624,489,1548,2
1833,938,865,696,1662,3
1834,976,895,795,1718,3
1835,885,805,600,1519,2
1836,950,826,640,1573,3
1837,932,883,712,1566,3
1838,820,696,475,1529,2
1839,909,820,735,1585,2
1840,893,730,546,1611,2
1841,925,770,562,1610,3
1842,947,830,582,1541,3
1843,999,870,812,1766,3
1844,838,738,518,1626,2
1845,852,706,523,1644,2
1846,1023,865,756,1679,3
1847,912,812,674,1743,2
1848,825,670,552,1658,2
1849,1031,900,690,1610,4
1850,893,840,636,1675,3
1851,951,784,641,1637,3
1852,934,933,701,1628,3
1853,1004,978,793,1645,4
1854,957,883,660,1595,3
1855,1117,1032,931,1731,4
1856,960,912,661,1567,3
1857,780,672,510,1628,1
1858,916,877,686,1688,3
1859,1063,932,839,1706,4
1860,893,840,652,1543,3
1861,1102,1032,920,1665,4
1862,900,783,667,1690,2
1863,823,668,464,1471,2
1864,943,882,627,1616,3
1865,901,727,593,1753,2
1866,795,698,508,1626,1
1867,944,866,727,1698,3
1868,970,777,583,1545,3
1869,942,785,669,1759,3
1870,1041,1055,842,1732,4
1871,884,830,601,1587,2
1872,920,773,609,1605,2
1873,943,872,687,1530,3
1874,887,715,549,1598,2
1875,826,674,452,1524,2
1876,1055,1066,835,1683,4
1877,901,822,641,1577,2
1878,906,749,588,1583,2
1879,878,750,563,1582,2
1880,1016,895,702,1569,3
1881,1015,876,779,1651,3
1882,998,902,626,1463,3
1883,1198,1113,992,1659,5
1884,883,784,626,1596,2
1885,1050,903,713,1600,4
1886,872,715,528,1557,2
1887,896,783,552,1565,2
1888,962,827,622,1525,3
1889,863,860,612,1613,3
1890,814,727,529,1674,2
1891,996,923,748,1614,3
1892,898,815,582,1558,2
1893,942,907,790,1774,3
1894,922,785,618,1633,3
1895,992,1004,716,1611,4
1896,958,858,692,1768,3
1897,973,850,635,1578,3
1898,917,901,704,1619,3
1899,946,890,668,1681,3
1900,841,728,535,1613,2
1901,967,808,615,1575,3
1902,1018,918,751,1648,3
1903,867,690,546,1590,2
1904,973,905,695,1609,3
1905,990,919,773,1625,3
1906,1012,960,751,1676,3
1907,1040,945,700,1623,4
1908,829,735,502,1612,2
1909,984,866,717,1720,3
1910,910,935,644,1567,3
1911,1203,1076,1072,1770,5
1912,1196,1176,940,1668,5
1913,968,886,764,1588,3
1914,1140,1135,897,1616,5
1915,1091,974,777,1593,4
1916,870,721,497,1572,2
1917,913,837,662,1674,3
1918,1049,851,696,1652,4
1919,1071,996,844,1664,4
1920,910,852,647,1691,3
1921,1019,935,780,1657,3
1922,965,927,773,1704,3
1923,952,921,734,1654,3
1924,982,937,695,1578,3
1925,1035,872,707,1645,4
1926,1142,1025,936,1631,5
1927,1055,1106,857,1561,5
1928,914,767,573,1516,2
1929,930,823,676,1749,3
1930,1006,933,855,1715,3
1931,929,735,549,1600,3
1932,872,772,588,1683,2
1933,983,987,715,1557,4
1934,873,837,580,1548,3
1935,934,873,697,1714,3
1936,1006,803,685,1649,3
1937,907,804,586,1528,2
1938,1101,1055,842,1596,4
1939,1068,901,909,1658,4
1940,1168,1172,1047,1701,5
1941,896,791,663,1683,2
1942,1154,962,766,1634,5
1943,941,745,715,1695,3
1944,898,801,591,1548,2
1945,952,955,665,1587,3
1946,991,1032,676,1549,4
1947,1091,1042,792,1606,4
1948,1005,966,652,1508,3
1949,931,844,753,1733,3
1950,886,752,517,1560,2
1951,1060,954,865,1739,4
1952,952,857,732,1629,3
1953,923,840,741,1609,3
1954,1093,1090,906,1740,4
1955,943,960,845,1678,3
1956,974,830,631,1545,3
1957,1113,1003,898,1809,4
1958,1090,977,970,1764,4
1959,940,855,663,1606,3
1960,952,863,594,1567,3
1961,1059,917,657,1594,4
1962,1125,919,786,1587,4
1963,837,695,520,1573,2
1964,920,792,641,1624,2
1965,1037,1014,798,1635,4
1966,1021,906,740,1580,3
1967,935,795,641,1691,3
1968,1072,1012,803,1656,4
1969,1089,965,714,1615,4
1970,973,869,924,1749,3
1971,1042,903,668,1561,4
1972,925,817,678,1674,3
1973,865,681,577,1721,2
1974,1030,915,687,1704,3
1975,1038,870,758,1636,4
1976,1047,941,652,1583,4
1977,994,847,699,1604,3
1978,802,755,474,1533,2
1979,931,742,558,1594,3
1980,990,960,768,1719,3
1981,1082,1043,832,1687,4
1982,1016,971,717,1613,3
1983,1093,982,762,1644,4
1984,922,837,632,1616,3
1985,902,891,610,1641,3
